{"iteration": 1, "best_mse": 0.22258099913597107, "best_params": {"batch_size": 16, "learning_rate": 0.001, "l2_alpha": 0.001}}
{"iteration": 2, "best_mse": 0.2211630493402481, "best_params": {"batch_size": 16, "learning_rate": 0.001, "l2_alpha": 0.0001}}
{"iteration": 3, "best_mse": 0.22087861597537994, "best_params": {"batch_size": 64, "learning_rate": 0.001, "l2_alpha": 0.01}}
{"iteration": 4, "best_mse": 0.2229560762643814, "best_params": {"batch_size": 128, "learning_rate": 0.01, "l2_alpha": 0.001}}
{"iteration": 5, "best_mse": 0.21876771748065948, "best_params": {"batch_size": 64, "learning_rate": 0.001, "l2_alpha": 0.001}}
{"iteration": 6, "best_mse": 0.2237998992204666, "best_params": {"batch_size": 32, "learning_rate": 0.001, "l2_alpha": 0.01}}
{"iteration": 7, "best_mse": 0.22126401960849762, "best_params": {"batch_size": 32, "learning_rate": 0.01, "l2_alpha": 0.0001}}
{"iteration": 8, "best_mse": 0.22088535130023956, "best_params": {"batch_size": 32, "learning_rate": 0.01, "l2_alpha": 0.0001}}
{"iteration": 9, "best_mse": 0.2198048233985901, "best_params": {"batch_size": 16, "learning_rate": 0.001, "l2_alpha": 0.001}}
{"iteration": 10, "best_mse": 0.22238890826702118, "best_params": {"batch_size": 128, "learning_rate": 0.001, "l2_alpha": 0.01}}
{"iteration": 11, "best_mse": 0.22059933841228485, "best_params": {"batch_size": 64, "learning_rate": 0.001, "l2_alpha": 0.01}}
{"iteration": 12, "best_mse": 0.22190262377262115, "best_params": {"batch_size": 64, "learning_rate": 0.01, "l2_alpha": 0.001}}
{"iteration": 13, "best_mse": 0.220193013548851, "best_params": {"batch_size": 32, "learning_rate": 0.001, "l2_alpha": 0.01}}
{"iteration": 14, "best_mse": 0.2199985831975937, "best_params": {"batch_size": 16, "learning_rate": 0.01, "l2_alpha": 0.001}}
{"iteration": 15, "best_mse": 0.22163128852844238, "best_params": {"batch_size": 32, "learning_rate": 0.001, "l2_alpha": 0.001}}
{"iteration": 16, "best_mse": 0.21937482059001923, "best_params": {"batch_size": 32, "learning_rate": 0.01, "l2_alpha": 0.0001}}
{"iteration": 17, "best_mse": 0.2237827479839325, "best_params": {"batch_size": 32, "learning_rate": 0.001, "l2_alpha": 0.001}}
{"iteration": 18, "best_mse": 0.22257956862449646, "best_params": {"batch_size": 32, "learning_rate": 0.001, "l2_alpha": 0.001}}
{"iteration": 19, "best_mse": 0.22372302412986755, "best_params": {"batch_size": 128, "learning_rate": 0.01, "l2_alpha": 0.01}}
{"iteration": 20, "best_mse": 0.21937839686870575, "best_params": {"batch_size": 32, "learning_rate": 0.001, "l2_alpha": 0.001}}
{"iteration": 21, "best_mse": 0.21834410727024078, "best_params": {"batch_size": 16, "learning_rate": 0.001, "l2_alpha": 0.0001}}
{"iteration": 22, "best_mse": 0.2210851013660431, "best_params": {"batch_size": 16, "learning_rate": 0.01, "l2_alpha": 0.001}}
{"iteration": 23, "best_mse": 0.22183038294315338, "best_params": {"batch_size": 32, "learning_rate": 0.001, "l2_alpha": 0.001}}
{"iteration": 24, "best_mse": 0.22002393007278442, "best_params": {"batch_size": 64, "learning_rate": 0.001, "l2_alpha": 0.01}}
{"iteration": 25, "best_mse": 0.22325049340724945, "best_params": {"batch_size": 128, "learning_rate": 0.01, "l2_alpha": 0.001}}
{"iteration": 26, "best_mse": 0.22128413617610931, "best_params": {"batch_size": 32, "learning_rate": 0.01, "l2_alpha": 0.001}}
{"iteration": 27, "best_mse": 0.2230827659368515, "best_params": {"batch_size": 32, "learning_rate": 0.001, "l2_alpha": 0.01}}
{"iteration": 28, "best_mse": 0.21973824501037598, "best_params": {"batch_size": 32, "learning_rate": 0.001, "l2_alpha": 0.001}}
{"iteration": 29, "best_mse": 0.2206486314535141, "best_params": {"batch_size": 32, "learning_rate": 0.01, "l2_alpha": 0.0001}}
{"iteration": 30, "best_mse": 0.22217275202274323, "best_params": {"batch_size": 64, "learning_rate": 0.001, "l2_alpha": 0.001}}
{"iteration": 31, "best_mse": 0.22247281670570374, "best_params": {"batch_size": 32, "learning_rate": 0.001, "l2_alpha": 0.001}}
{"iteration": 32, "best_mse": 0.21911713480949402, "best_params": {"batch_size": 16, "learning_rate": 0.001, "l2_alpha": 0.001}}
{"iteration": 33, "best_mse": 0.218239426612854, "best_params": {"batch_size": 32, "learning_rate": 0.001, "l2_alpha": 0.0001}}
{"iteration": 34, "best_mse": 0.22272148728370667, "best_params": {"batch_size": 32, "learning_rate": 0.001, "l2_alpha": 0.001}}
{"iteration": 35, "best_mse": 0.2192576676607132, "best_params": {"batch_size": 16, "learning_rate": 0.001, "l2_alpha": 0.001}}
{"iteration": 36, "best_mse": 0.22283418476581573, "best_params": {"batch_size": 32, "learning_rate": 0.001, "l2_alpha": 0.0001}}
{"iteration": 37, "best_mse": 0.22156597673892975, "best_params": {"batch_size": 16, "learning_rate": 0.01, "l2_alpha": 0.0001}}
{"iteration": 38, "best_mse": 0.22345973551273346, "best_params": {"batch_size": 32, "learning_rate": 0.001, "l2_alpha": 0.001}}
{"iteration": 39, "best_mse": 0.22136743366718292, "best_params": {"batch_size": 16, "learning_rate": 0.001, "l2_alpha": 0.0001}}
{"iteration": 40, "best_mse": 0.22313980758190155, "best_params": {"batch_size": 32, "learning_rate": 0.01, "l2_alpha": 0.0001}}
{"iteration": 41, "best_mse": 0.22088013589382172, "best_params": {"batch_size": 64, "learning_rate": 0.001, "l2_alpha": 0.01}}
{"iteration": 42, "best_mse": 0.22413009405136108, "best_params": {"batch_size": 32, "learning_rate": 0.001, "l2_alpha": 0.0001}}
{"iteration": 43, "best_mse": 0.21864822506904602, "best_params": {"batch_size": 16, "learning_rate": 0.001, "l2_alpha": 0.001}}
{"iteration": 44, "best_mse": 0.2214602679014206, "best_params": {"batch_size": 64, "learning_rate": 0.01, "l2_alpha": 0.0001}}
{"iteration": 45, "best_mse": 0.22309596836566925, "best_params": {"batch_size": 16, "learning_rate": 0.001, "l2_alpha": 0.001}}
{"iteration": 46, "best_mse": 0.22375932335853577, "best_params": {"batch_size": 16, "learning_rate": 0.001, "l2_alpha": 0.0001}}
{"iteration": 47, "best_mse": 0.22079959511756897, "best_params": {"batch_size": 32, "learning_rate": 0.001, "l2_alpha": 0.01}}
{"iteration": 48, "best_mse": 0.2211463749408722, "best_params": {"batch_size": 64, "learning_rate": 0.001, "l2_alpha": 0.01}}
{"iteration": 49, "best_mse": 0.22242116928100586, "best_params": {"batch_size": 64, "learning_rate": 0.001, "l2_alpha": 0.01}}
{"iteration": 50, "best_mse": 0.22109805047512054, "best_params": {"batch_size": 16, "learning_rate": 0.001, "l2_alpha": 0.0001}}
{"iteration": 51, "best_mse": 0.22199352085590363, "best_params": {"batch_size": 128, "learning_rate": 0.001, "l2_alpha": 0.01}}
{"iteration": 52, "best_mse": 0.22130829095840454, "best_params": {"batch_size": 32, "learning_rate": 0.01, "l2_alpha": 0.001}}
{"iteration": 53, "best_mse": 0.22226297855377197, "best_params": {"batch_size": 16, "learning_rate": 0.001, "l2_alpha": 0.001}}
{"iteration": 54, "best_mse": 0.21800608932971954, "best_params": {"batch_size": 16, "learning_rate": 0.001, "l2_alpha": 0.0001}}
{"iteration": 55, "best_mse": 0.22045518457889557, "best_params": {"batch_size": 64, "learning_rate": 0.001, "l2_alpha": 0.001}}
{"iteration": 56, "best_mse": 0.22157390415668488, "best_params": {"batch_size": 32, "learning_rate": 0.001, "l2_alpha": 0.0001}}
{"iteration": 57, "best_mse": 0.22130131721496582, "best_params": {"batch_size": 32, "learning_rate": 0.001, "l2_alpha": 0.001}}
{"iteration": 58, "best_mse": 0.22413504123687744, "best_params": {"batch_size": 32, "learning_rate": 0.001, "l2_alpha": 0.001}}
{"iteration": 59, "best_mse": 0.22413529455661774, "best_params": {"batch_size": 32, "learning_rate": 0.001, "l2_alpha": 0.001}}
{"iteration": 60, "best_mse": 0.2202099710702896, "best_params": {"batch_size": 16, "learning_rate": 0.001, "l2_alpha": 0.0001}}
{"iteration": 61, "best_mse": 0.21920214593410492, "best_params": {"batch_size": 32, "learning_rate": 0.001, "l2_alpha": 0.001}}
{"iteration": 62, "best_mse": 0.22210633754730225, "best_params": {"batch_size": 64, "learning_rate": 0.001, "l2_alpha": 0.01}}
{"iteration": 63,